PDB_Code,Binding_Type,Binding_Value,Unit,Ligand_Name,Binding_Value_nM,Affinity_Category
4tmn,Ki,0.068,nM,0PK,0.068,high
5tmn,Ki,9.1,nM,0PJ,9.1,high
1ydr,Ki,3.0,uM,IQP,3000.0,low
1ydt,Ki,48.0,nM,IQB,48.0,medium
1bcu,Kd,0.53,mM,PRL,530000.0,low
1a30,Ki,50.0,uM,3-mer,50000.0,low
1bzc,Ki,12.0,uM,TPI,12000.0,low
1qf1,Ki,48.0,nM,TI1,48.0,medium
1qkt,Kd,0.92,nM,EST,0.92,high
1c5z,Ki,97.0,uM,BAM,97000.0,low
1k1i,Kd,264.0,nM,FD1,264.0,medium
1e66,Ki,0.13,nM,HUX,0.13,high
1g2k,Ki,11.0,nM,NM1,11.0,medium
1eby,Ki,0.2,nM,BEB,0.2,high
1gpn,Ki,0.334,uM,HUB,334.0,medium
1h22,Ki,0.8,nM,E10,0.8,high
1gpk,Ki,4.3,uM,HUP,4300.0,low
1h23,Ki,4.5,nM,E12,4.5,high
1p1n,Kd,0.16,uM,KAI,160.0,medium
1q8u,Kd,1.1,uM,H52,1100.0,low
1p1q,Kd,12.8,uM,AMQ,12800.0,low
1q8t,Kd,17.5,uM,Y27,17500.0,low
1o3f,Ki,0.011,uM,696,11.0,medium
1oyt,Ki,0.057,uM,FSN,57.0,medium
1nc1,Ki,0.75,uM,MTH,750.0,medium
1o0h,Ki,1.2,uM,ADP,1200.0,low
1nc3,Ki,10.0,uM,FMC,10000.0,low
1owh,Ki,40.0,nM,239,40.0,medium
1ps3,Ki,5.2,mM,KIF,5200000.0,low
1nvq,Ki,5.6,nM,UCN,5.6,high
1mq6,Ki,7.0,pM,XLD,0.007,high
1lpg,Ki,82.0,nM,IMA,82.0,medium
1uto,Kd,5.32,mM,PEA,5320000.0,low
1pxn,Ki,0.07,uM,CK6,70.0,medium
1r5y,Ki,0.35,uM,DQU,350.0,medium
1sqa,Ki,0.62,nM,UI1,0.62,high
1o5b,Ki,1.7,uM,ESI,1700.0,low
1s38,Ki,7.0,uM,MAQ,7000.0,low
1u1b,Kd,16.0,nM,PAX,16.0,medium
2c3i,Kd,25.0,nM,IYZ,25.0,medium
1yc1,Kd,680.0,nM,4BC,680.0,medium
2brb,Ki,13.7,uM,PFQ,13700.0,low
1z9g,Ki,2.3,uM,RRT,2300.0,low
1syi,Ki,3590.0,nM,CPW,3590.0,low
2al5,Ki,4.0,nM,FWD,4.0,high
1w4o,Ki,6.0,uM,UA3,6000.0,low
2br1,Ki,7.2,uM,PFP,7200.0,low
1z95,Ki,76.0,nM,198,76.0,medium
1y6r,Ki,77.0,pM,MTM,0.077,high
2iwx,Kd,0.21,uM,M1S,210.0,medium
2cbv,Kd,3.3,uM,CGB,3300.0,low
2j78,Kd,384.0,nM,GOX,384.0,medium
2j7h,Kd,65.0,nM,AZF,65.0,medium
2cet,Kd,9.6,nM,PGI,9.6,high
1z6e,Ki,0.19,nM,IK8,0.19,high
2hb1,Ki,160.0,uM,512,160000.0,low
2fvd,Ki,3.0,nM,LIA,3.0,high
2v7a,Kd,0.005,uM,627,5.0,high
2v00,Kd,0.22,mM,V15,220000.0,low
2fxs,Kd,0.87,uM,RDA,870.0,medium
2p15,Kd,50.0,pM,EZT,0.05,high
2pog,Ki,0.29,nM,WST,0.29,high
3bgz,Ki,0.55,uM,VX3,550.0,medium
2qe4,Ki,11.0,nM,JJ3,11.0,medium
1vso,Ki,18.98,uM,AT1,18980.0,low
3cj4,Kd,0.31,uM,SX5,310.0,medium
2zb1,Kd,0.48,uM,GK4,480.0,medium
3coy,Kd,0.96,uM,53H,960.0,medium
3coz,Kd,2.7,uM,54H,2700.0,low
3f3e,Kd,20.0,nM,LEU,20.0,medium
2vw5,Kd,3.0,nM,BC6,3.0,high
2vvn,Kd,50.0,nM,NHT,50.0,medium
3f3d,Kd,69.0,nM,MET,69.0,medium
2qbp,Ki,0.004,uM,527,4.0,high
2qbq,Ki,0.036,uM,4B3,36.0,medium
2qbr,Ki,0.47,uM,910,470.0,medium
3b65,Ki,0.54,nM,3B6,0.54,high
2qnq,Ki,0.77,uM,QN3,770.0,medium
3e93,Ki,1.4,nM,19B,1.4,high
2zcq,Ki,1.5,nM,B65,1.5,high
3b5r,Ki,1.7,nM,B5R,1.7,high
2vkm,Ki,1.8,nM,BSD,1.8,high
3e92,Ki,10.0,nM,G6A,10.0,high
2zcr,Ki,135.0,nM,B69,135.0,medium
3d4z,Ki,13.0,uM,GIM,13000.0,low
2p4y,Ki,1.0,nM,C03,1.0,high
3bv9,Ki,4.4,uM,6-mer,4400.0,low
2zda,Ki,4.0,nM,32U,4.0,high
3b68,Ki,4.0,nM,B68,4.0,high
3e5a,Ki,5.9,nM,VX6,5.9,high
3f3a,Ki,64.8,uM,TRP,64800.0,low
2r9w,Ki,8.0,uM,23C,8000.0,low
3f3c,Ki,950.0,nM,PFF,950.0,medium
3jvs,Kd,0.29,uM,AGY,290.0,medium
3gnw,Kd,0.79,nM,XNC,0.79,high
2w4x,Kd,14.0,uM,STZ,14000.0,low
2wn9,Kd,3.0,nM,ZY5,3.0,high
2weg,Kd,314.0,nM,FBV,314.0,medium
2wnc,Kd,479.0,nM,TKT,479.0,medium
3ivg,Kd,50.0,uM,FG5,50000.0,low
3kr8,Kd,8.0,nM,XAV,8.0,high
2wer,Kd,90.0,nM,RDC,90.0,medium
2zy1,Ki,0.04,uM,830,40.0,medium
3jya,Ki,0.1301,uM,LWG,130.1,medium
3g0w,Ki,0.3,nM,LGB,0.3,high
3ebp,Ki,1.24,uM,CPB,1240.0,low
3g31,Ki,1.3,mM,GF1,1300000.0,low
3ehy,Ki,1.4,uM,TBL,1400.0,low
3fcq,Ki,1.7,mM,M3S,1700000.0,low
3jvr,Ki,1.89,uM,AGX,1890.0,low
3fur,Ki,10.0,nM,Z12,10.0,high
3gbb,Ki,126.0,nM,MS8,126.0,medium
3dx2,Ki,150.0,nM,MZB,150.0,medium
3d6q,Ki,172.0,uM,U3S,172000.0,low
3dd0,Ki,1.0,nM,EZL,1.0,high
2wca,Ki,2.5,uM,NP6,2500.0,low
3kgp,Ki,2.68,mM,4AZ,2680000.0,low
3ejr,Ki,2.7,nM,HN4,2.7,high
3dx1,Ki,265.0,uM,YHO,265000.0,low
3ge7,Ki,2.0,nM,AFQ,2.0,high
2wbg,Ki,35.2,uM,LGS,35200.0,low
3gr2,Ki,3.0,mM,GF4,3000000.0,low
3dxg,Ki,4.0,mM,U5P,4000000.0,low
3g2z,Ki,4.4,mM,GZ2,4400000.0,low
3gc5,Ki,55.0,nM,2MQ,55.0,medium
3gv9,Ki,7.5,mM,GV9,7500000.0,low
2w66,Ki,89.0,uM,HQ6,89000.0,low
3myg,Kd,0.02,nM,EML,0.02,high
3k5v,Kd,0.5,uM,STJ,500.0,medium
3lka,Kd,1.5,mM,M4S,1500000.0,low
3mss,Kd,22.0,uM,MS7,22000.0,low
2xbv,Kd,3.7,nM,XBV,3.7,high
2x00,Kd,4.7,pM,GYN,0.0047,high
3p5o,Kd,55.2,nM,EAM,55.2,medium
2xii,Kd,63.3,nM,TA9,63.3,medium
3nx7,Kd,7.88,nM,NHK,7.88,high
2wvt,Kd,755.0,nM,FHN,755.0,medium
2xdl,Kd,790.0,uM,2DL,790000.0,low
3gy4,Kd,8.0,uM,PBZ,8000.0,low
3nq9,Kd,92.6,uM,OCA,92600.0,low
3fv1,Ki,0.5,nM,DYH,0.5,high
2wtv,Ki,1.8,nM,ZZL,1.8,high
2xnb,Ki,149.0,nM,Y8L,149.0,medium
3acw,Ki,17.5,uM,651,17500.0,low
2xj7,Ki,220.0,nM,GC2,220.0,medium
2xb8,Ki,26.0,nM,XNW,26.0,medium
3l7b,Ki,4.01,mM,DKZ,4010000.0,low
3fv2,Ki,7.7,nM,NDZ,7.7,high
3g2n,Ki,81.0,uM,OAK,81000.0,low
3kwa,Ki,84.0,uM,SPM,84000.0,low
3ag9,Ki,9.0,nM,A02,9.0,high
3arp,Kd,0.07,uM,DEQ,70.0,medium
3uex,Kd,0.12,uM,STE,120.0,medium
2yki,Kd,0.35,nM,YKI,0.35,high
3uew,Kd,0.49,uM,PLM,490.0,medium
3arq,Kd,0.4,uM,DM5,400.0,medium
3ary,Kd,1.0,uM,I5I,1000.0,medium
3uev,Kd,1.29,uM,MYR,1290.0,low
3pyy,Kd,137.0,nM,3YY,137.0,medium
3ryj,Kd,16.0,nM,RYJ,16.0,medium
3arv,Kd,2.3,uM,SAU,2300.0,low
3u5j,Kd,2.46,uM,08H,2460.0,low
3pxf,Kd,37.0,uM,2AN,37000.0,low
3rsx,Kd,38.8,uM,RSV,38800.0,low
3ueu,Kd,5.81,uM,DAO,5810.0,low
3b27,Kd,6.9,uM,B2T,6900.0,low
3aru,Kd,600.0,uM,PNX,600000.0,low
3ao4,Kd,8.5,mM,833,8500000.0,low
2yge,Kd,8.62,uM,GDM,8620.0,low
3u8n,Ki,0.067,nM,09S,0.067,high
3n76,Ki,0.14,uM,CA2,140.0,medium
3o9i,Ki,1.5,pM,A61,0.0015,high
3oe5,Ki,132.0,nM,611,132.0,medium
3prs,Ki,15.0,nM,RIT,15.0,medium
2y5h,Ki,1620.0,nM,Y5H,1620.0,low
3qgy,Ki,16.0,nM,L7O,16.0,medium
3nw9,Ki,1.0,nM,637,1.0,high
3ui7,Ki,1.0,nM,C1L,1.0,high
3u8k,Ki,2.2,nM,09P,2.2,high
3n86,Ki,2.3,uM,RJP,2300.0,low
3n7a,Ki,200.0,uM,FA1,200000.0,low
3b1m,Ki,3.3,nM,KRC,3.3,high
3rlr,Ki,30.0,nM,3RR,30.0,medium
3oe4,Ki,34.0,nM,610,34.0,medium
2xys,Ki,38.0,nM,SY9,38.0,medium
3u9q,Ki,41.7,uM,DKA,41700.0,low
3ozs,Ki,4645.0,nM,OZS,4645.0,low
3pww,Ki,48.0,nM,ROC,48.0,medium
3ozt,Ki,74.9,uM,OZZ,74900.0,low
3udh,Kd,1.4,mM,091,1400000.0,low
4agn,Kd,107.0,uM,NXG,107000.0,low
3zt2,Kd,1435.0,uM,ZT2,1435000.0,low
4agp,Kd,20.6,uM,P51,20600.0,low
4abg,Kd,271.0,uM,91B,271000.0,low
3uo4,Kd,299.0,nM,0C0,299.0,medium
3up2,Kd,40.0,nM,0C8,40.0,medium
3zsx,Kd,519.0,uM,N44,519000.0,low
3tsk,Kd,67.0,nM,QEG,67.0,medium
2ymd,Kd,693.0,uM,SRO,693000.0,low
3zso,Kd,7.6,uM,O2N,7600.0,low
4eo8,Kd,7.0,nM,0S3,7.0,high
4agq,Kd,9.7,uM,P96,9700.0,low
3utu,Ki,0.012,nM,1TS,0.012,high
4gid,Ki,0.017,nM,0GH,0.017,high
4djv,Ki,0.19,uM,0KM,190.0,medium
2yfe,Ki,0.236,uM,YFE,236.0,medium
4ea2,Ki,0.36,uM,RWZ,360.0,medium
4de1,Ki,1.1,uM,0J6,1100.0,low
3qqs,Ki,1.5,uM,17C,1500.0,low
4dld,Ki,1.5,uM,TZG,1500.0,low
4hge,Ki,11.9,nM,15V,11.9,medium
3twp,Ki,119.0,uM,SAL,119000.0,low
3uuo,Ki,11.0,nM,0CV,11.0,medium
3r88,Ki,15.0,uM,14F,15000.0,low
3uri,Ki,1.0,nM,8-mer,1.0,high
4f09,Ki,200.0,nM,JAK,200.0,medium
4e5w,Ki,22.0,nM,0NT,22.0,medium
3rr4,Ki,28.05,uM,HRD,28050.0,low
4de3,Ki,3.0,uM,DN8,3000.0,low
4eky,Ki,303.0,uM,D1J,303000.0,low
4e6q,Ki,4.4,nM,0NV,4.4,high
3syr,Ki,7.9,uM,GPK,7900.0,low
4de2,Ki,76.0,uM,DN3,76000.0,low
4ddh,Kd,0.5,mM,MS0,500000.0,low
4j3l,Kd,16.0,nM,AJ5,16.0,medium
4dli,Kd,2.4,uM,IRG,2400.0,low
4bkt,Kd,240.0,uM,QD0,240000.0,low
4mme,Kd,318.0,nM,29Q,318.0,medium
4j21,Kd,39.0,nM,AJ6,39.0,medium
4ddk,Kd,5.1,mM,0HN,5100000.0,low
4ih7,Kd,5.8,uM,1ER,5800.0,low
4kzq,Kd,788.0,nM,DFL,788.0,medium
4ih5,Kd,78.0,uM,12R,78000.0,low
4gfm,Ki,0.06,uM,0X2,60.0,medium
4ivc,Ki,0.1,nM,1J6,0.1,high
4gr0,Ki,0.28,nM,R4B,0.28,high
4ivd,Ki,0.3,nM,15T,0.3,high
4jia,Ki,0.6,nM,1K3,0.6,high
4k18,Ki,1.1,nM,1OB,1.1,high
4f3c,Ki,1.5,pM,BIG,0.0015,high
4ivb,Ki,1.9,nM,1J5,1.9,high
4f9w,Ki,114.0,nM,LM4,114.0,medium
4j28,Ki,2.0,uM,EAT,2000.0,low
4k77,Ki,235.0,nM,1Q4,235.0,medium
4kzu,Ki,313.0,nM,A73,313.0,medium
4f2w,Ki,5.0,pM,TDI,0.005,high
4jfs,Ki,5.4,uM,16Z,5400.0,low
4jsz,Ki,5000.0,uM,FB2,5000000.0,low
4eor,Ki,500.0,nM,4SP,500.0,medium
4gkm,Ki,6.8,uM,683,6800.0,low
3zdg,Ki,79.0,nM,XRX,79.0,medium
4w9h,Kd,0.185,uM,3JF,185.0,medium
4m0y,Kd,0.35,uM,M0Y,350.0,medium
4qac,Kd,0.4,nM,KK3,0.4,high
4w9i,Kd,1.1,uM,3JS,1100.0,low
4u4s,Kd,1200.0,uM,3C1,1200000.0,low
4ogj,Kd,164.0,nM,2TA,164.0,medium
4lzs,Kd,16.0,uM,L46,16000.0,low
4mgd,Kd,20.19,uM,27N,20190.0,low
4cig,Kd,214.0,uM,X0P,214000.0,low
4w9c,Kd,22.2,uM,3JG,22200.0,low
4wiv,Kd,550.0,nM,3P2,550.0,medium
4m0z,Kd,6.4,uM,M0Z,6400.0,low
4w9l,Kd,9.52,uM,3JJ,9520.0,low
4ty7,Ki,0.3,nM,39F,0.3,high
4kz6,Ki,0.8,mM,ZB6,800000.0,low
4owm,Ki,1090.0,uM,3F0,1090000.0,low
4llx,Ki,1300.0,uM,5ZE,1300000.0,low
4pcs,Ki,14.0,nM,2M7,14.0,medium
4ciw,Ki,15.0,uM,XH2,15000.0,low
4jxs,Ki,18.0,uM,18U,18000.0,low
3wtj,Kd,0.297,uM,TH4,297.0,medium
5aba,Kd,1040.0,uM,UL7,1040000.0,low
5a7b,Kd,271.0,uM,KMN,271000.0,low
4crc,Ki,0.0019,uM,OTM,1.9,high
4cra,Ki,0.06,uM,XJ8,60.0,medium
3wz8,Ki,1.5,uM,IXV,1500.0,low
4twp,Ki,100.0,pM,AXI,0.1,high
5c28,Ki,2.2,uM,4XV,2200.0,low
4qd6,Ki,2.3,nM,30T,2.3,high
4x6p,Ki,5.0,nM,3YU,5.0,high
5dwr,Ki,6.0,pM,5H7,0.006,high
5c2h,Ki,8.2,pM,4XU,0.008199999999999999,high
4cr9,Ki,80.0,uM,OTW,80000.0,low
4rfm,Ki,90.0,pM,3P6,0.09,high
