PDB_Code,Binding_Type,Binding_Value,Unit,Ligand_Name,Binding_Value_nM,Affinity_Category,MOL2_File,Molecule_Index,SMILES
4tmn,Ki,0.068,nM,0PK,0.068,high,4tmn_ligand.mol2,0.0,CC(C)C[C@H](N[P@@](=O)([O-])[C@H](Cc1ccccc1)N[C]([O-])OCc1ccccc1)C(=O)N[C@@H](C)C(=O)[O-]
5tmn,Ki,9.1,nM,0PJ,9.1,high,5tmn_ligand.mol2,0.0,CC(C)C[C@H](NC(=O)[C@H](CC(C)C)N[P@](=O)([O-])CN[C]([O-])OCc1ccccc1)C(=O)[O-]
1ydr,Ki,3.0,uM,IQP,3000.0,low,1ydr_ligand.mol2,0.0,C[C@H]1C[NH2+]CCN1S(=O)(=O)c1cccc2cnccc12
1ydt,Ki,48.0,nM,IQB,48.0,medium,1ydt_ligand.mol2,0.0,O=S(=O)(NCC[NH2+]C/C=C/c1ccc(Br)cc1)c1cccc2cnccc12
1bcu,Kd,0.53,mM,PRL,530000.0,low,1bcu_ligand.mol2,0.0,Nc1ccc2cc3ccc(N)cc3[nH+]c2c1
1a30,Ki,50.0,uM,3-mer,50000.0,low,1a30_ligand.mol2,0.0,CC(C)C[C@H](NC(=O)[C@H](CC(=O)[O-])NC(=O)[C@@H]([NH3+])CCC(=O)[O-])C(=O)[O-]
1bzc,Ki,12.0,uM,TPI,12000.0,low,1bzc_ligand.mol2,0.0,NC(=O)[C@H](CCC(=O)[O-])NC(=O)c1ccc2cc(C(F)(F)[P+](=O)(=O)[O-])ccc2c1
1qf1,Ki,48.0,nM,TI1,48.0,medium,1qf1_ligand.mol2,0.0,CCCCC[C@H](S)C(=O)N[C@@H](Cc1ccccc1)C(=O)N[C@@H](C)C(=O)[O-]
1qkt,Kd,0.92,nM,EST,0.92,high,1qkt_ligand.mol2,0.0,C[C@]12CC[C@@H]3c4ccc(O)cc4CC[C@H]3[C@@H]1CC[C@@H]2O
1c5z,Ki,97.0,uM,BAM,97000.0,low,1c5z_ligand.mol2,0.0,NC(=[NH2+])c1ccccc1
1k1i,Kd,264.0,nM,FD1,264.0,medium,1k1i_ligand.mol2,0.0,NC(=[NH2+])c1cccc(C[C@H](NS(=O)(=O)c2ccc3ccccc3c2)C(=O)N2CCCC[C@@H]2C(=O)[O-])c1
1e66,Ki,0.13,nM,HUX,0.13,high,1e66_ligand.mol2,0.0,CCC1=C[C@@H]2Cc3[nH+]c4cc(Cl)ccc4c(N)c3[C@H](C1)C2
1g2k,Ki,11.0,nM,NM1,11.0,medium,1g2k_ligand.mol2,0.0,CNC(=O)c1cccc(CN2[C@H](COc3ccccc3)[C@H](O)[C@@H](O)[C@@H](COc3ccccc3)N(Cc3ccccc3)S2(=O)=O)c1
1eby,Ki,0.2,nM,BEB,0.2,high,1eby_ligand.mol2,0.0,O=C(N[C@H]1c2ccccc2C[C@H]1O)[C@H](OCc1ccccc1)[C@H](O)[C@@H](O)[C@@H](OCc1ccccc1)C(=O)N[C@H]1c2ccccc2C[C@H]1O
1gpn,Ki,0.334,uM,HUB,334.0,medium,1gpn_ligand.mol2,0.0,CC1=C[C@H]2Cc3[nH]c(=O)ccc3[C@]3(C1)[NH2+]CCC[C@H]23
1h22,Ki,0.8,nM,E10,0.8,high,1h22_ligand.mol2,0.0,O=c1ccc2c([nH]1)CCC[C@@H]2[NH2+]CCCCCCCCCC[NH2+][C@H]1CCCc2[nH]c(=O)ccc21
1gpk,Ki,4.3,uM,HUP,4300.0,low,1gpk_ligand.mol2,0.0,C/C=C1\[C@@H]2C=C(C)C[C@@]1([NH3+])c1ccc(=O)[nH]c1C2
1h23,Ki,4.5,nM,E12,4.5,high,1h23_ligand.mol2,0.0,O=c1ccc2c([nH]1)CCC[C@@H]2[NH2+]CCCCCCCCCCCC[NH2+][C@H]1CCCc2[nH]c(=O)ccc21
1p1n,Kd,0.16,uM,KAI,160.0,medium,1p1n_ligand.mol2,0.0,C=C(C)[C@H]1C[NH2+][C@H](C(=O)[O-])[C@H]1CC(=O)[O-]
1q8u,Kd,1.1,uM,H52,1100.0,low,1q8u_ligand.mol2,0.0,Cc1cncc2cccc(S(=O)(=O)N3CCC[NH2+]C[C@@H]3C)c12
1p1q,Kd,12.8,uM,AMQ,12800.0,low,1p1q_ligand.mol2,0.0,Cc1o[n-]c(=O)c1C[C@H]([NH3+])C(=O)[O-]
1q8t,Kd,17.5,uM,Y27,17500.0,low,1q8t_ligand.mol2,0.0,C[C@@H]([NH3+])[C@H]1CC[C@H](C(=O)Nc2ccncc2)CC1
1o3f,Ki,0.011,uM,696,11.0,medium,1o3f_ligand.mol2,0.0,NC(=[NH2+])c1ccc2[nH]c(-c3cccc(-c4ccccc4)c3O)cc2c1
1oyt,Ki,0.057,uM,FSN,57.0,medium,1oyt_ligand.mol2,0.0,NC(=[NH2+])c1ccc([C@H]2[C@H]3C(=O)N(Cc4ccc(F)cc4)C(=O)[C@H]3[C@@H]3CCC[N@@H+]32)cc1
1nc1,Ki,0.75,uM,MTH,750.0,medium,1nc1_ligand.mol2,0.0,CSC[C@H]1O[C@@H](n2ccc3c(N)ncnc32)[C@H](O)[C@@H]1O
1o0h,Ki,1.2,uM,ADP,1200.0,low,1o0h_ligand.mol2,0.0,Nc1ncnc2c1ncn2[C@@H]1O[C@H](CO[P@](=O)([O-])O[P+](=O)(=O)[O-])[C@@H](O)[C@H]1O
1nc3,Ki,10.0,uM,FMC,10000.0,low,1nc3_ligand.mol2,0.0,Nc1ncnc2c([C@@H]3O[C@H](CO)[C@@H](O)[C@H]3O)n[nH]c12
1owh,Ki,40.0,nM,239,40.0,medium,1owh_ligand.mol2,0.0,NC(=[NH2+])c1ccc2cc(C(=O)Nc3ccc(C[NH3+])cc3)ccc2c1
1ps3,Ki,5.2,mM,KIF,5200000.0,low,1ps3_ligand.mol2,0.0,O=C1N[C@@H]2[C@@H](O)[C@@H](O)[C@H](O)[C@@H](CO)N2C1=O
1nvq,Ki,5.6,nM,UCN,5.6,high,1nvq_ligand.mol2,0.0,C[NH2+][C@@H]1C[C@H]2O[C@@](C)([C@@H]1OC)n1c3ccccc3c3c4c(c5c6ccccc6n2c5c31)C(=O)N[C@@H]4O
1mq6,Ki,7.0,pM,XLD,0.007,high,1mq6_ligand.mol2,0.0,COc1cc(Cl)cc(C(=O)Nc2ccc(Cl)cn2)c1NC(=O)c1scc(CN(C)c2ncco2)c1Cl
1lpg,Ki,82.0,nM,IMA,82.0,medium,1lpg_ligand.mol2,0.0,C[N+](C)(C)c1ccc(CNC(=O)c2cc3cc(OCc4ccccc4)ccc3n2Cc2cccc(C(N)=[NH2+])c2)cc1
1uto,Kd,5.32,mM,PEA,5320000.0,low,1uto_ligand.mol2,0.0,[NH3+]CCc1ccccc1
1pxn,Ki,0.07,uM,CK6,70.0,medium,1pxn_ligand.mol2,0.0,CNc1nc(C)c(-c2ccnc(Nc3ccc(O)cc3)n2)s1
1r5y,Ki,0.35,uM,DQU,350.0,medium,1r5y_ligand.mol2,0.0,Nc1ccc2nc(N)[nH]c(=O)c2c1
1sqa,Ki,0.62,nM,UI1,0.62,high,1sqa_ligand.mol2,0.0,NC(=[NH2+])c1ccc2cc(C(=O)Nc3ccc(C[NH3+])cc3)cc(Nc3ncccn3)c2c1
1o5b,Ki,1.7,uM,ESI,1700.0,low,1o5b_ligand.mol2,0.0,NC(=[NH2+])c1cc2c(I)cccc2s1
1s38,Ki,7.0,uM,MAQ,7000.0,low,1s38_ligand.mol2,0.0,Cc1cccc2c(=O)[nH]c(N)nc12
1u1b,Kd,16.0,nM,PAX,16.0,medium,1u1b_ligand.mol2,0.0,Cc1cn([C@H]2C[C@H](O[P@@](=O)([O-])O[P@@](=O)([O-])OC[C@H]3O[C@@H](n4cnc5c(N)ncnc54)[C@H](O)[C@@H]3O[P+](=O)(=O)[O-])[C@@H](CO[P+](=O)(=O)[O-])O2)c(=O)[nH]c1=O
2c3i,Kd,25.0,nM,IYZ,25.0,medium,2c3i_ligand.mol2,0.0,CC(=O)c1cccc(-c2cnc3ccc(NCC4CC4)nn23)c1
1yc1,Kd,680.0,nM,4BC,680.0,medium,1yc1_ligand.mol2,0.0,CCc1cc(-c2n[nH]c(C(=O)[O-])c2-c2ccc3c(c2)OCO3)c(O)cc1O
2brb,Ki,13.7,uM,PFQ,13700.0,low,2brb_ligand.mol2,0.0,OCCNc1ncnc2oc(-c3ccccc3)c(-c3ccccc3)c12
1z9g,Ki,2.3,uM,RRT,2300.0,low,1z9g_ligand.mol2,0.0,O=C([O-])CC(=O)N[C@@H](CS)Cc1ccccc1
1syi,Ki,3590.0,nM,CPW,3590.0,low,1syi_ligand.mol2,0.0,[NH3+][C@@H](Cn1c2c(c(=O)[nH]c1=O)CCC2)C(=O)[O-]
2al5,Ki,4.0,nM,FWD,4.0,high,2al5_ligand.mol2,0.0,[NH3+][C@@H](Cn1cc(F)c(=O)[nH]c1=O)C(=O)[O-]
1w4o,Ki,6.0,uM,UA3,6000.0,low,1w4o_ligand.mol2,0.0,O=c1ccn([C@@H]2O[C@H](CO)[C@@H](O[P+](=O)(=O)[O-])[C@@H]2O)c(=O)[nH]1
2br1,Ki,7.2,uM,PFP,7200.0,low,2br1_ligand.mol2,0.0,COc1ccc(-c2oc3ncnc(NCCO)c3c2-c2ccc(OC)cc2)cc1
1z95,Ki,76.0,nM,198,76.0,medium,1z95_ligand.mol2,0.0,C[C@](O)(CS(=O)(=O)c1ccc(F)cc1)C(=O)Nc1ccc(C#N)c(C(F)(F)F)c1
1y6r,Ki,77.0,pM,MTM,0.077,high,1y6r_ligand.mol2,0.0,CSC[C@H]1[NH2+][C@@H](c2c[nH]c3c(N)ncnc23)[C@H](O)[C@@H]1O
2iwx,Kd,0.21,uM,M1S,210.0,medium,2iwx_ligand.mol2,0.0,O=C1CCCCC/C=C/CCO[C]([O-])c2c(O)cc(O)c(Cl)c2C1
2cbv,Kd,3.3,uM,CGB,3300.0,low,2cbv_ligand.mol2,0.0,O[C@@H]1[C@@H](O)[C@H](O)[C@]2(O)CC[C@H]1[NH2+]2
2j78,Kd,384.0,nM,GOX,384.0,medium,2j78_ligand.mol2,0.0,OC[C@H]1N/C(=N\O)[C@H](O)[C@@H](O)[C@@H]1O
2j7h,Kd,65.0,nM,AZF,65.0,medium,2j7h_ligand.mol2,0.0,OC[C@H]1[NH2+][NH2+]C[C@@H](O)[C@@H]1O
2cet,Kd,9.6,nM,PGI,9.6,high,2cet_ligand.mol2,0.0,OC[C@@H]1[C@@H](O)[C@H](O)[C@@H](O)c2[nH+]c(CCc3ccccc3)cn21
1z6e,Ki,0.19,nM,IK8,0.19,high,1z6e_ligand.mol2,0.0,C[NH+](C)Cc1nccn1-c1ccc(NC(=O)c2cc(C(F)(F)F)nn2-c2ccc3o[nH]c(=[NH2+])c3c2)c(F)c1
2hb1,Ki,160.0,uM,512,160000.0,low,2hb1_ligand.mol2,0.0,O=C([O-])COc1c(Br)csc1C(=O)[O-]
2fvd,Ki,3.0,nM,LIA,3.0,high,2fvd_ligand.mol2,0.0,COc1ccc(F)c(F)c1C(=O)c1cnc(NC2CCN(S(C)(=O)=O)CC2)nc1N
2v7a,Kd,0.005,uM,627,5.0,high,2v7a_ligand.mol2,0.0,CO[C@@H](C(=O)N1Cc2[nH]nc(NC(=O)c3ccc(N4CC[NH+](C)CC4)cc3)c2C1)c1ccccc1
2v00,Kd,0.22,mM,V15,220000.0,low,2v00_ligand.mol2,0.0,Nc1nc(CCc2ccccc2)cc(=O)[nH]1
2fxs,Kd,0.87,uM,RDA,870.0,medium,2fxs_ligand.mol2,0.0,CO[C]([O-])c1c(O)cc(O)c(Cl)c1CCC(=O)Nc1cc(O)c(OC)cc1O
2p15,Kd,50.0,pM,EZT,0.05,high,2p15_ligand.mol2,0.0,C[C@]12CC[C@@H]3c4ccc(O)cc4CC[C@H]3[C@@H]1CC[C@@]2(O)/C=C/c1ccccc1C(F)(F)F
2pog,Ki,0.29,nM,WST,0.29,high,2pog_ligand.mol2,0.0,Oc1ccc([C@@H]2Oc3cccc(O)c3[C@@H]3CCC[C@@H]32)cc1
3bgz,Ki,0.55,uM,VX3,550.0,medium,3bgz_ligand.mol2,0.0,O=C([O-])c1cccc2c(-c3ccccc3)c(-c3ccccc3)[nH]c12
2qe4,Ki,11.0,nM,JJ3,11.0,medium,2qe4_ligand.mol2,0.0,COCc1cc(O)cc2c1O[C@@H](c1ccc(O)cc1)[C@H]1CCC[C@@H]21
1vso,Ki,18.98,uM,AT1,18980.0,low,1vso_ligand.mol2,0.0,CC(C)(C)c1onc(OC[P+](=O)(=O)[O-])c1C[C@H]([NH3+])C(=O)[O-]
3cj4,Kd,0.31,uM,SX5,310.0,medium,3cj4_ligand.mol2,0.0,C[C@@H]1C[C@H](C)CN(C(=O)c2cc(Br)ccc2NC(=O)CCC(=O)[O-])C1
2zb1,Kd,0.48,uM,GK4,480.0,medium,2zb1_ligand.mol2,0.0,Cc1nnc(-c2ccc(C)c(-c3ccc(C(=O)NCC4CC4)cc3)c2)o1
3coy,Kd,0.96,uM,53H,960.0,medium,3coy_ligand.mol2,0.0,CC(C)(C)[C@@H]([NH3+])C(=O)N[S@@+](=O)([O-])OC[C@H]1O[C@@H](n2cnc3c(N)ncnc32)[C@H](O)[C@@H]1O
3coz,Kd,2.7,uM,54H,2700.0,low,3coz_ligand.mol2,0.0,CC(C)[C@@H]([NH3+])C(=O)N[S@@+](=O)([O-])OC[C@H]1O[C@@H](n2cnc3c(N)ncnc32)[C@H](O)[C@@H]1O
3f3e,Kd,20.0,nM,LEU,20.0,medium,3f3e_ligand.mol2,0.0,CC(C)C[C@H]([NH3+])C(=O)[O-]
2vw5,Kd,3.0,nM,BC6,3.0,high,2vw5_ligand.mol2,0.0,CO[C@H]1C[C@H](C)Cc2cc(O)cc(c2)NC(=O)/C(C)=C/CC[C@H](C)[C@@H](O[C](N)[O-])/C(C)=C/[C@H](C)[C@H]1O
2vvn,Kd,50.0,nM,NHT,50.0,medium,2vvn_ligand.mol2,0.0,CCNC1=N[C@@H]2[C@@H](O)[C@H](O)[C@@H](CO)O[C@@H]2S1
3f3d,Kd,69.0,nM,MET,69.0,medium,3f3d_ligand.mol2,0.0,CSCC[C@H]([NH3+])C(=O)[O-]
2qbp,Ki,0.004,uM,527,4.0,high,2qbp_ligand.mol2,0.0,O=C([O-])COc1c(C(=O)[O-])sc(-c2cccc(NC3CCN(S(=O)(=O)Cc4ccccc4)CC3)c2)c1Br
2qbq,Ki,0.036,uM,4B3,36.0,medium,2qbq_ligand.mol2,0.0,CC1(C)CC(Nc2cccc(-c3sc(C(=O)[O-])c(OCC(=O)[O-])c3Br)c2)CC(C)(C)C1
2qbr,Ki,0.47,uM,910,470.0,medium,2qbr_ligand.mol2,0.0,O=C([O-])COc1c(C(=O)[O-])sc(-c2cccc(NCc3ccccc3)c2)c1Br
3b65,Ki,0.54,nM,3B6,0.54,high,3b65_ligand.mol2,0.0,C[C@](O)(COc1ccc(C#N)cc1)C(=O)Nc1ccc(C#N)c(I)c1
2qnq,Ki,0.77,uM,QN3,770.0,medium,2qnq_ligand.mol2,0.0,O=S(=O)(c1ccccc1Cl)N(Cc1ccccc1)[C@H]1C[NH2+]C[C@@H]1N(Cc1ccccc1)S(=O)(=O)c1ccccc1Cl
3e93,Ki,1.4,nM,19B,1.4,high,3e93_ligand.mol2,0.0,Cc1ccc(C(=O)Nc2cccc(N3CCOCC3)c2)cc1-c1ccc2c(C3CC[NH2+]CC3)noc2c1
2zcq,Ki,1.5,nM,B65,1.5,high,,,
3b5r,Ki,1.7,nM,B5R,1.7,high,3b5r_ligand.mol2,0.0,C[C@](O)(COc1ccc(Cl)c(F)c1)C(=O)Nc1ccc(C#N)c(C(F)(F)F)c1
2vkm,Ki,1.8,nM,BSD,1.8,high,2vkm_ligand.mol2,0.0,COc1cccc(C[NH2+]C[C@@H](O)[C@H](Cc2ccccc2)NC(=O)c2cc(C(=O)N[C@H](C)c3ccccc3)cc(N(C)S(C)(=O)=O)c2)c1
3e92,Ki,10.0,nM,G6A,10.0,high,3e92_ligand.mol2,0.0,Cc1nnc(-c2ccc(-c3cc(C(=O)NC4CC4)ccc3C)c(C)c2)o1
2zcr,Ki,135.0,nM,B69,135.0,medium,,,
3d4z,Ki,13.0,uM,GIM,13000.0,low,3d4z_ligand.mol2,0.0,OC[C@@H]1[C@@H](O)[C@H](O)[C@@H](O)c2[nH+]ccn21
2p4y,Ki,1.0,nM,C03,1.0,high,2p4y_ligand.mol2,0.0,COc1ccc2c(-c3c(C)n(Cc4cc(O[C@H](C)C(=O)[O-])ccc4Cl)c4cc(OC(F)(F)F)ccc34)noc2c1
3bv9,Ki,4.4,uM,6-mer,4400.0,low,3bv9_ligand.mol2,0.0,[H]/[N+]=C(/N)N/C=C\C[C@@H]([NH3+])C(=O)N1[C@H](C(=O)N2CCC[C@H]2C(=O)/N=C(/C)C(=O)N[C@@H](Cc2ccc(C)cc2)C(N)=O)C[C@@H]2CCCC[C@@H]21
2zda,Ki,4.0,nM,32U,4.0,high,2zda_ligand.mol2,0.0,NC(=[NH2+])c1ccc(CNC(=O)[C@@H]2CCCN2C(=O)[C@H]([NH3+])Cc2ccccc2)cc1
3b68,Ki,4.0,nM,B68,4.0,high,3b68_ligand.mol2,0.0,CC(=O)Nc1ccc(OC[C@](C)(O)C(=O)Nc2ccc([N+](=O)[O-])c(C(F)(F)F)c2)cc1
3e5a,Ki,5.9,nM,VX6,5.9,high,3e5a_ligand.mol2,0.0,Cc1cc(Nc2cc(N3CC[NH+](C)CC3)nc(Sc3ccc(NC(=O)C4CC4)cc3)[nH+]2)[nH]n1
3f3a,Ki,64.8,uM,TRP,64800.0,low,3f3a_ligand.mol2,0.0,[NH3+][C@@H](Cc1c[nH]c2ccccc12)C(=O)[O-]
2r9w,Ki,8.0,uM,23C,8000.0,low,2r9w_ligand.mol2,0.0,O=C([O-])c1ccc2c(c1)C(=O)N([C@H](Cc1cccc3ccccc13)C(=O)[O-])C2=O
3f3c,Ki,950.0,nM,PFF,950.0,medium,3f3c_ligand.mol2,0.0,[NH3+][C@@H](Cc1ccc(F)cc1)C(=O)[O-]
3jvs,Kd,0.29,uM,AGY,290.0,medium,3jvs_ligand.mol2,0.0,CC(C)(C)c1ccc(C(=O)NNC(=O)Nc2cccc3ccccc23)cc1[N+](=O)[O-]
3gnw,Kd,0.79,nM,XNC,0.79,high,3gnw_ligand.mol2,0.0,Cc1cccc(C(=O)N2c3cccc(O)c3NC3=C([C@@H]2c2ccc(OCc4ccccc4)cc2F)S(=O)(=O)CC(C)(C)C3)n1
2w4x,Kd,14.0,uM,STZ,14000.0,low,2w4x_ligand.mol2,0.0,CN(N=O)C(=O)N[C@@H]1[C@@H](O)[C@H](O)[C@@H](CO)O[C@H]1O
2wn9,Kd,3.0,nM,ZY5,3.0,high,2wn9_ligand.mol2,0.0,COc1cc(O)ccc1/C=C1\CCC[NH+]=C1c1cccnc1
2weg,Kd,314.0,nM,FBV,314.0,medium,2weg_ligand.mol2,0.0,NS(=O)(=O)c1ccccc1F
2wnc,Kd,479.0,nM,TKT,479.0,medium,2wnc_ligand.mol2,0.0,C[N@@H+]1[C@@H]2CC[C@H]1C[C@@H](O[C]([O-])c1c[nH]c3ccccc13)C2
3ivg,Kd,50.0,uM,FG5,50000.0,low,3ivg_ligand.mol2,0.0,COc1ccc2c(c1)cc(CNS(=O)(=O)c1cc3ccccc3o1)n2CC(=O)[O-]
3kr8,Kd,8.0,nM,XAV,8.0,high,3kr8_ligand.mol2,0.0,O=c1[nH]c(-c2ccc(C(F)(F)F)cc2)nc2c1CSCC2
2wer,Kd,90.0,nM,RDC,90.0,medium,2wer_ligand.mol2,0.0,C[C@@H]1C[C@H]2O[C@@H]2/C=C\C=C\C(=O)Cc2c(Cl)c(O)cc(O)c2[C]([O-])O1
2zy1,Ki,0.04,uM,830,40.0,medium,2zy1_ligand.mol2,0.0,O=C(C[P+](=O)(=O)[O-])NCCCc1cccc(Oc2ccccc2)c1
3jya,Ki,0.1301,uM,LWG,130.1,medium,3jya_ligand.mol2,0.0,O=c1[nH]cnc2c1sc1c(Cl)ccc(Cl)c12
3g0w,Ki,0.3,nM,LGB,0.3,high,3g0w_ligand.mol2,0.0,Cc1c(/N=C2\O[C@@H](C(F)(F)F)[C@@H]3[C@@H](O)CCN23)ccc(C#N)c1Cl
3ebp,Ki,1.24,uM,CPB,1240.0,low,3ebp_ligand.mol2,0.0,C[N@H+]1CC[C@H](c2c(O)cc(O)c3c(=O)cc(-c4ccccc4Cl)oc23)[C@H](O)C1
3g31,Ki,1.3,mM,GF1,1300000.0,low,3g31_ligand.mol2,0.0,C[C@H](C(=O)[O-])N1C(=O)[C@@H]2[C@@H]3CC[C@@H](C3)[C@@H]2C1=O
3ehy,Ki,1.4,uM,TBL,1400.0,low,3ehy_ligand.mol2,0.0,COc1ccc(S(=O)(=O)N[C@H](C)C(=O)[O-])cc1
3fcq,Ki,1.7,mM,M3S,1700000.0,low,3fcq_ligand.mol2,0.0,C[C]([O-])Oc1c(C)cccc1C(=O)[O-]
3jvr,Ki,1.89,uM,AGX,1890.0,low,3jvr_ligand.mol2,0.0,C[C@H](O[C]([O-])Nc1ccc(Cl)c(Cl)c1)c1nc2ccccc2[nH]1
3fur,Ki,10.0,nM,Z12,10.0,high,3fur_ligand.mol2,0.0,O=S(=O)(Nc1cc(Cl)c(Oc2cnc3ccccc3c2)c(Cl)c1)c1ccc(Cl)cc1Cl
3gbb,Ki,126.0,nM,MS8,126.0,medium,3gbb_ligand.mol2,0.0,[NH3+][C@@H](C[C@]1(C(=O)[O-])C[C@H]2OCCC[C@H]2O1)C(=O)[O-]
3dx2,Ki,150.0,nM,MZB,150.0,medium,3dx2_ligand.mol2,0.0,C[S@@](=O)[C@@H]1[C@@H]([NH3+])[C@@H](O)[C@@H](O)[C@H]1O
3d6q,Ki,172.0,uM,U3S,172000.0,low,3d6q_ligand.mol2,0.0,O=c1ccn([C@@H]2O[C@@H](C[NH+]3CCCCC3)[C@H](O)[C@H]2O)c(=O)[nH]1
3dd0,Ki,1.0,nM,EZL,1.0,high,3dd0_ligand.mol2,0.0,CCOc1ccc2nc(S(N)(=O)=O)sc2c1
2wca,Ki,2.5,uM,NP6,2500.0,low,2wca_ligand.mol2,0.0,CCCC(=O)N[C@H]1/C(=N/O[C]([O-])Nc2ccccc2)O[C@H](CO)[C@@H](O)[C@@H]1O
3kgp,Ki,2.68,mM,4AZ,2680000.0,low,3kgp_ligand.mol2,0.0,[NH3+]Cc1ccc(C(=O)[O-])cc1
3ejr,Ki,2.7,nM,HN4,2.7,high,3ejr_ligand.mol2,0.0,CC(C)(C)c1ccc(C(=O)C[C@H]2CC[C@@H](O)[C@@H]3[C@H](O)[C@H](O)C[N@@H+]23)cc1
3dx1,Ki,265.0,uM,YHO,265000.0,low,3dx1_ligand.mol2,0.0,[NH3+][C@@H]1C[C@H](O)[C@H](O)[C@@H]1O
3ge7,Ki,2.0,nM,AFQ,2.0,high,3ge7_ligand.mol2,0.0,CNc1[nH]c2cc3c(=O)[nH]c(=[NH2+])[nH]c3c(CC[NH2+]CC3CCCC3)c2[nH+]1
2wbg,Ki,35.2,uM,LGS,35200.0,low,2wbg_ligand.mol2,0.0,CCCCCCCC/[NH+]=C1\OC[C@@H]2[C@@H](O)[C@H](O)[C@@H](O)[C@H](O)N12
3gr2,Ki,3.0,mM,GF4,3000000.0,low,3gr2_ligand.mol2,0.0,CC[C@@H]1C(=O)N(c2nnn[nH]2)N=C1C
3dxg,Ki,4.0,mM,U5P,4000000.0,low,3dxg_ligand.mol2,0.0,O=c1ccn([C@@H]2O[C@H](CO[P+](=O)(=O)[O-])[C@@H](O)[C@H]2O)c(=O)[nH]1
3g2z,Ki,4.4,mM,GZ2,4400000.0,low,3g2z_ligand.mol2,0.0,[H]/[O+]=C1\C=C(Nc2nnn[nH]2)CCC1
3gc5,Ki,55.0,nM,2MQ,55.0,medium,3gc5_ligand.mol2,0.0,C/[NH+]=c1/[nH]c2cc3c(=O)[nH]c(=[NH2+])[nH]c3c(CC[NH3+])c2[nH]1
3gv9,Ki,7.5,mM,GV9,7500000.0,low,3gv9_ligand.mol2,0.0,CC(=O)Nc1ccsc1C(=O)[O-]
2w66,Ki,89.0,uM,HQ6,89000.0,low,2w66_ligand.mol2,0.0,CC(=O)N[C@@H]1[C@@H](O)[C@H](O)[C@@H](CO)[NH2+]C[C@H]1O
3myg,Kd,0.02,nM,EML,0.02,high,3myg_ligand.mol2,0.0,CC[N@H+](Cc1cc(Nc2nc(C)cn3c(-c4cn[nH]c4)cnc23)sn1)C(C)(C)CO
3k5v,Kd,0.5,uM,STJ,500.0,medium,3k5v_ligand.mol2,0.0,NC(=O)c1cccc(-c2cc(Nc3ccc(OC(F)(F)F)cc3)ncn2)c1
3lka,Kd,1.5,mM,M4S,1500000.0,low,3lka_ligand.mol2,0.0,COc1ccc(S(N)(=O)=O)cc1
3mss,Kd,22.0,uM,MS7,22000.0,low,3mss_ligand.mol2,0.0,CNC(=O)[C@@H]([NH3+])Cc1ccc(OCc2ccccc2)cc1
2xbv,Kd,3.7,nM,XBV,3.7,high,2xbv_ligand.mol2,0.0,O=C(Nc1ccc(Cl)cn1)[C@H]1C[N+](CC(F)F)C[C@@H]1C(=O)Nc1ccc(-n2ccccc2=O)cc1F
2x00,Kd,4.7,pM,GYN,0.0047,high,2x00_ligand.mol2,0.0,CC1=C([C@@H]2C[C@H](C)[C]([O-])O2)CC[C@]23CCC[NH+]=C2CC/C=C(\C)[C@@H]2O[C@@H](CC[C@H](O)/C(C)=C/[C@@H]13)C[C@H]2C
3p5o,Kd,55.2,nM,EAM,55.2,medium,3p5o_ligand.mol2,0.0,CCNC(=O)C[C@@H]1N=C(c2ccc(Cl)cc2)c2cc(OC)ccc2-n2c(C)nnc21
2xii,Kd,63.3,nM,TA9,63.3,medium,2xii_ligand.mol2,0.0,C[C@@H]1[NH2+][C@H](CNC(=O)c2cccc3c2C(=O)c2ccccc2-3)[C@@H](O)[C@H](O)[C@@H]1O
3nx7,Kd,7.88,nM,NHK,7.88,high,3nx7_ligand.mol2,0.0,COc1ccc(S(=O)(=O)N(CCO)CC(=O)NO)cc1
2wvt,Kd,755.0,nM,FHN,755.0,medium,2wvt_ligand.mol2,0.0,OC[C@@H]1[NH2+][C@@H](CO)[C@@H](O)C(O)[C@@H]1O
2xdl,Kd,790.0,uM,2DL,790000.0,low,2xdl_ligand.mol2,0.0,CCN(CC)C(=O)c1ccc(O)c(OC)c1
3gy4,Kd,8.0,uM,PBZ,8000.0,low,3gy4_ligand.mol2,0.0,NC(=[NH2+])c1ccc(N)cc1
3nq9,Kd,92.6,uM,OCA,92600.0,low,3nq9_ligand.mol2,0.0,CCCCCCCC(=O)[O-]
3fv1,Ki,0.5,nM,DYH,0.5,high,3fv1_ligand.mol2,0.0,C[NH2+][C@H]1[C@H]2O[C@@](C[C@H]([NH3+])C(=O)[O-])(C(=O)[O-])C[C@H]2OC[C@H]1O
2wtv,Ki,1.8,nM,ZZL,1.8,high,2wtv_ligand.mol2,0.0,O=C([O-])c1ccc(Nc2ncc3c(n2)-c2ccc(Cl)cc2C(c2c(F)cccc2F)=NC3)cc1
2xnb,Ki,149.0,nM,Y8L,149.0,medium,2xnb_ligand.mol2,0.0,Cc1c(-c2ccnc(Nc3ccc(N4CC[NH2+]CC4)cc3)n2)sc(=O)n1C
3acw,Ki,17.5,uM,651,17500.0,low,3acw_ligand.mol2,0.0,O[C@]1(c2ccc(-c3ccccc3)cc2)C[N@H+]2CC[C@@H]1CC2
2xj7,Ki,220.0,nM,GC2,220.0,medium,2xj7_ligand.mol2,0.0,CC(=O)N[C@H]1C[N@@H+]2CC[C@H](O)[C@@H]2[C@@H](O)[C@@H]1O
2xb8,Ki,26.0,nM,XNW,26.0,medium,2xb8_ligand.mol2,0.0,COc1ccc(C[C@H]2C(=O)[C@@H](O)[C@H](O)C[C@]2(O)C(=O)[O-])cc1
3l7b,Ki,4.01,mM,DKZ,4010000.0,low,3l7b_ligand.mol2,0.0,[NH2+]=c1ccn([C@@H]2O[C@H](CO)[C@@H](O)[C@H](F)[C@H]2O)c(=O)[nH]1
3fv2,Ki,7.7,nM,NDZ,7.7,high,3fv2_ligand.mol2,0.0,[NH3+][C@@H](C[C@]1(C(=O)[O-])C[C@H]2OC[C@@H](O)[C@@H](O)[C@H]2O1)C(=O)[O-]
3g2n,Ki,81.0,uM,OAK,81000.0,low,3g2n_ligand.mol2,0.0,O=C(N[C@@H]1O[C@H](CO)[C@@H](O)[C@H](O)[C@H]1O)c1ccccc1
3kwa,Ki,84.0,uM,SPM,84000.0,low,3kwa_ligand.mol2,0.0,[NH3+]CCC[NH2+]CCCC[NH2+]CCC[NH3+]
3ag9,Ki,9.0,nM,A02,9.0,high,3ag9_ligand.mol2,0.0,NC(=[NH2+])NCCC[C@@H](NC(=O)[C@@H](CCCNC(N)=[NH2+])NC(=O)CCCCCNC(=O)[C@@H](CCCC[NH3+])NC(=O)CCCCCNC(=O)[C@H]1O[C@@H](n2cnc3c(N)ncnc32)[C@H](O)[C@@H]1O)C(N)=O
3arp,Kd,0.07,uM,DEQ,70.0,medium,3arp_ligand.mol2,0.0,Cc1cc(N)c2ccccc2[n+]1CCCCCCCCCC[n+]1c(C)cc(N)c2ccccc21
3uex,Kd,0.12,uM,STE,120.0,medium,3uex_ligand.mol2,0.0,CCCCCCCCCCCCCCCCCC(=O)[O-]
2yki,Kd,0.35,nM,YKI,0.35,high,2yki_ligand.mol2,0.0,O=C(N[C@@H]1c2ccccc2-c2c(-c3nc4ccncc4[nH]3)cccc21)c1ccnc2[nH]ccc12
3uew,Kd,0.49,uM,PLM,490.0,medium,3uew_ligand.mol2,0.0,CCCCCCCCCCCCCCCC(=O)[O-]
3arq,Kd,0.4,uM,DM5,400.0,medium,3arq_ligand.mol2,0.0,CC(=O)[C@]1(O)Cc2c(c(=O)c3c(=O)c4ccccc4c(=O)c=3c2=O)[C@@H](O[C@H]2C[C@H]([NH3+])[C@H](O)[C@H](C)O2)C1
3ary,Kd,1.0,uM,I5I,1000.0,medium,3ary_ligand.mol2,0.0,S=C=Nc1ccc2oc(C3=[NH+]CCN3)cc2c1
3uev,Kd,1.29,uM,MYR,1290.0,low,3uev_ligand.mol2,0.0,CCCCCCCCCCCCCC(=O)[O-]
3pyy,Kd,137.0,nM,3YY,137.0,medium,3pyy_ligand.mol2,0.0,O=C1NC(=O)[C@@H](c2cn(-c3ccccc3)nc2-c2ccc(F)cc2)N1
3ryj,Kd,16.0,nM,RYJ,16.0,medium,3ryj_ligand.mol2,0.0,NS(=O)(=O)c1ccc(C(=O)NCC(F)(F)F)cc1
3arv,Kd,2.3,uM,SAU,2300.0,low,3arv_ligand.mol2,0.0,C[n+]1cc2c3c(ccc2c2ccc4cc5c(cc4c21)OCO5)OCO3
3u5j,Kd,2.46,uM,08H,2460.0,low,3u5j_ligand.mol2,0.0,Cc1nnc2n1-c1ccc(Cl)cc1C(c1ccccc1)=NC2
3pxf,Kd,37.0,uM,2AN,37000.0,low,3pxf_ligand.mol2,0.0,O=S(=O)([O-])c1cccc2cccc(Nc3ccccc3)c12
3rsx,Kd,38.8,uM,RSV,38800.0,low,3rsx_ligand.mol2,0.0,Nc1ccc2cc(-c3ccsc3)ccc2n1
3ueu,Kd,5.81,uM,DAO,5810.0,low,3ueu_ligand.mol2,0.0,CCCCCCCCCCCC(=O)[O-]
3b27,Kd,6.9,uM,B2T,6900.0,low,3b27_ligand.mol2,0.0,CSc1nc(N)nc(-c2ccccc2Cl)n1
3aru,Kd,600.0,uM,PNX,600000.0,low,3aru_ligand.mol2,0.0,CC(=O)CCCCn1c(=O)c2c(ncn2C)n(C)c1=O
3ao4,Kd,8.5,mM,833,8500000.0,low,3ao4_ligand.mol2,0.0,Cn1nc(-c2ccc3c(c2)OCO3)cc1N
2yge,Kd,8.62,uM,GDM,8620.0,low,2yge_ligand.mol2,0.0,COC1=C2C[C@H](C)C[C@H](OC)[C@H](O)[C@@H](C)/C=C(\C)[C@H](O[C](N)[O-])[C@@H](OC)/C=C\C=C(/C)C(=O)NC(=CC1=O)C2=O
3u8n,Ki,0.067,nM,09S,0.067,high,3u8n_ligand.mol2,0.0,CCOc1cc(N2CCC[NH2+]CC2)cnc1Br
3n76,Ki,0.14,uM,CA2,140.0,medium,3n76_ligand.mol2,0.0,O=C([O-])[C@]1(O)C=C(/C=C/COc2ccccc2)[C@@H](O)[C@H](O)C1
3o9i,Ki,1.5,pM,A61,0.0015,high,3o9i_ligand.mol2,0.0,CCC(CC)CN(C[C@@H](O)[C@H](Cc1ccccc1)N[C]([O-])O[C@H]1CO[C@H]2OCC[C@H]21)S(=O)(=O)c1ccc2ncsc2c1
3oe5,Ki,132.0,nM,611,132.0,medium,3oe5_ligand.mol2,0.0,O=C(NC/C=C/[C@H]1O[C@@H](Sc2ccncc2)[C@H](O)[C@@H]1O)c1cc([N+](=O)[O-])cc(O)c1O
3prs,Ki,15.0,nM,RIT,15.0,medium,3prs_ligand.mol2,0.0,CC(C)c1nc(CN(C)C(=O)N[C@H](C(=O)N[C@@H](Cc2ccccc2)C[C@H](O)[C@H](Cc2ccccc2)N[C]([O-])OCc2cncs2)C(C)C)cs1
2y5h,Ki,1620.0,nM,Y5H,1620.0,low,2y5h_ligand.mol2,0.0,C[N+](C)(C)CCCN1C(=O)[C@@H]2[C@H](C1=O)[C@H](c1coc(-c3ccc(Cl)s3)n1)[N@H+]1CCC[C@@H]21
3qgy,Ki,16.0,nM,L7O,16.0,medium,3qgy_ligand.mol2,0.0,CNc1nccc(-c2c[nH]c(=O)c(NC(=O)c3ccc(N4CCCCC4)cc3)c2)n1
3nw9,Ki,1.0,nM,637,1.0,high,3nw9_ligand.mol2,0.0,Cc1ncnc2c1ncn2[C@@H]1O[C@H](/C=C/CNC(=O)c2cc(-c3ccc(F)cc3)cc(O)c2O)[C@@H](O)[C@H]1O
3ui7,Ki,1.0,nM,C1L,1.0,high,3ui7_ligand.mol2,0.0,COc1cc(C)c2nc3n[nH]c(C)c3c(C[NH+]3CCOCC3)c2c1
3u8k,Ki,2.2,nM,09P,2.2,high,3u8k_ligand.mol2,0.0,CCOc1cncc(N2CCC[NH2+]CC2)c1
3n86,Ki,2.3,uM,RJP,2300.0,low,3n86_ligand.mol2,0.0,O=C(CCC1=C[C@@](O)(C(=O)[O-])C[C@@H](O)C1=O)Nc1ccccc1
3n7a,Ki,200.0,uM,FA1,200000.0,low,3n7a_ligand.mol2,0.0,O=C([O-])[C@]1(O)C=C[C@@H](O)[C@H](O)C1
3b1m,Ki,3.3,nM,KRC,3.3,high,3b1m_ligand.mol2,0.0,CCc1ccc2ccccc2c1CNC(=O)c1c(OC)cc(O)c2c1OC1=CC(O)=C(C(C)=O)C(=O)[C@]12C
3rlr,Ki,30.0,nM,3RR,30.0,medium,3rlr_ligand.mol2,0.0,COc1cc(-c2nc(C)nc3[nH]c(C)c(C#N)c23)c(Cl)cc1Cl
3oe4,Ki,34.0,nM,610,34.0,medium,3oe4_ligand.mol2,0.0,O=C(NC/C=C/[C@H]1O[C@@H](n2cnc3cncnc32)[C@H](O)[C@@H]1O)c1cc([N+](=O)[O-])cc(O)c1O
2xys,Ki,38.0,nM,SY9,38.0,medium,2xys_ligand.mol2,0.0,O=C1C[C@@H]2OCC=C3C[N@@H+]4CC[C@]56c7ccccc7N1[C@H]5[C@H]2[C@H]3C[C@H]46
3u9q,Ki,41.7,uM,DKA,41700.0,low,3u9q_ligand.mol2,0.0,CCCCCCCCCC(=O)[O-]
3ozs,Ki,4645.0,nM,OZS,4645.0,low,3ozs_ligand.mol2,0.0,O=C(NC/C=C/[C@H]1O[C@@H](n2cnc(C(F)(F)F)c2)[C@H](O)[C@@H]1O)c1cc([N+](=O)[O-])cc(O)c1O
3pww,Ki,48.0,nM,ROC,48.0,medium,3pww_ligand.mol2,0.0,CC(C)(C)NC(=O)[C@@H]1C[C@@H]2CCCC[C@@H]2C[N@@H+]1C[C@@H](O)[C@H](Cc1ccccc1)NC(=O)[C@H](CC(N)=O)NC(=O)c1ccc2ccccc2n1
3ozt,Ki,74.9,uM,OZZ,74900.0,low,3ozt_ligand.mol2,0.0,O=C(NC/C=C/[C@H]1O[C@@H](n2ccc(=O)cc2)[C@H](O)[C@@H]1O)c1cc([N+](=O)[O-])cc(O)c1O
3udh,Kd,1.4,mM,091,1400000.0,low,3udh_ligand.mol2,0.0,O=C1Nc2ccccc2[C@]12CC[NH2+]C2
4agn,Kd,107.0,uM,NXG,107000.0,low,4agn_ligand.mol2,0.0,CC[NH+](CC)C1CC[N+](Cc2cc(C#CCO)cc(I)c2O)CC1
3zt2,Kd,1435.0,uM,ZT2,1435000.0,low,3zt2_ligand.mol2,0.0,O=C1Cc2ccccc2/C1=C\c1ccc2c(c1C(=O)[O-])OCO2
4agp,Kd,20.6,uM,P51,20600.0,low,4agp_ligand.mol2,0.0,CC[NH+](CC)C1CC[N+](Cc2cc(C#CCOc3ccccc3)cc(I)c2O)CC1
4abg,Kd,271.0,uM,91B,271000.0,low,4abg_ligand.mol2,0.0,C[NH+]1CCN(c2cccc(C[NH3+])c2)CC1
3uo4,Kd,299.0,nM,0C0,299.0,medium,3uo4_ligand.mol2,0.0,O=C([O-])c1ccc(Nc2nccc(Nc3ccccc3-c3ccccc3)n2)cc1
3up2,Kd,40.0,nM,0C8,40.0,medium,3up2_ligand.mol2,0.0,O=C([O-])c1ccc(Nc2nccc(Nc3ccccc3OC(F)(F)F)n2)cc1
3zsx,Kd,519.0,uM,N44,519000.0,low,3zsx_ligand.mol2,0.0,C=CC[N@H+](Cc1ccccc1C(=O)NCc1ccccc1)Cc1ccc2c(c1C(=O)[O-])OCO2
3tsk,Kd,67.0,nM,QEG,67.0,medium,3tsk_ligand.mol2,0.0,NC(=O)CC[C@H](NC(=O)CCc1ccc(-c2cc(-c3ccccc3)cs2)cc1)C(=O)N[C@@H](CCC(=O)[O-])C(N)=O
2ymd,Kd,693.0,uM,SRO,693000.0,low,2ymd_ligand.mol2,0.0,[NH3+]CCc1c[nH]c2ccc(O)cc12
3zso,Kd,7.6,uM,O2N,7600.0,low,3zso_ligand.mol2,0.0,C=CC[N@H+](Cc1ccccc1C(=O)NC(c1ccc(OC)cc1)c1ccc(OC)cc1)Cc1ccc2c(c1C(=O)[O-])OCO2
4eo8,Kd,7.0,nM,0S3,7.0,high,4eo8_ligand.mol2,0.0,C[N+](C)N(c1cc(C#CC(C)(C)C)sc1C(=O)[O-])C(=O)[C@H]1CC[C@H](C)CC1
4agq,Kd,9.7,uM,P96,9700.0,low,4agq_ligand.mol2,0.0,CC[NH+](CC)C1CC[N+](Cc2cc(C#CCNc3ccccc3)cc(I)c2O)CC1
3utu,Ki,0.012,nM,1TS,0.012,high,3utu_ligand.mol2,0.0,COc1ccc(S(=O)(=O)N[C@@H](CC(=O)NCc2ccc(C#N)cc2)C(=O)N2CCC[C@H]2C(=O)NCc2ccc(C(N)=[NH2+])cc2)cc1Cl
4gid,Ki,0.017,nM,0GH,0.017,high,4gid_ligand.mol2,0.0,CC(C)CNC(=O)[C@@H]([NH2+]C[C@H](Cc1ccccc1)NC(=O)c1cc(C(=O)N[C@H](C)c2ccccc2)cc(N(C)S(C)(=O)=O)c1)[C@@H](C)O
4djv,Ki,0.19,uM,0KM,190.0,medium,4djv_ligand.mol2,0.0,COc1cccc(-c2cccc([C@@]3(c4ccccc4)NC(=[NH2+])N(C)C3=O)c2)c1
2yfe,Ki,0.236,uM,YFE,236.0,medium,2yfe_ligand.mol2,0.0,COc1cc(CCc2ccccc2)c(C(=O)[O-])c(O)c1CC=C(C)C
4ea2,Ki,0.36,uM,RWZ,360.0,medium,4ea2_ligand.mol2,0.0,CC(C)=CCC/C(C)=C\C[NH2+]CC[NH2+][C@H]1[C@@H]2C[C@H]3C[C@@H](C2)C[C@@H]1C3
4de1,Ki,1.1,uM,0J6,1100.0,low,4de1_ligand.mol2,0.0,O=C(Nc1cccc(-c2nnn[nH]2)c1)c1ccc2n[nH]cc2c1
3qqs,Ki,1.5,uM,17C,1500.0,low,3qqs_ligand.mol2,0.0,O=C([O-])c1ccccc1Nc1ccccc1C(=O)[O-]
4dld,Ki,1.5,uM,TZG,1500.0,low,4dld_ligand.mol2,0.0,[NH3+][C@@H](Cc1cc(Cl)c([N+](=O)[O-])cc1CCC(=O)[O-])C(=O)[O-]
4hge,Ki,11.9,nM,15V,11.9,medium,4hge_ligand.mol2,0.0,Cc1cc(NC(=O)c2cnn3cccnc23)n(-c2cccc(Cl)c2)n1
3twp,Ki,119.0,uM,SAL,119000.0,low,3twp_ligand.mol2,0.0,O=C([O-])c1ccccc1O
3uuo,Ki,11.0,nM,0CV,11.0,medium,3uuo_ligand.mol2,0.0,COc1cc(C)c2nc3[nH]nc(C)c3c(N3CC[NH2+]CC3)c2c1
3r88,Ki,15.0,uM,14F,15000.0,low,3r88_ligand.mol2,0.0,COc1cc(N)c(C(=O)[O-])cc1OC
3uri,Ki,1.0,nM,8-mer,1.0,high,3uri_ligand.mol2,0.0,CSCC[C@H]([NH2+]C[C@H](Cc1ccccc1)NC(=O)[C@H](CO)NC(=O)[C@H](CC(C)C)NC(=O)[C@H](Cc1cnc[nH]1)NC(=O)[C@@H]1CCC[NH2+]1)C(=O)N[C@@H](C)C(=O)N[C@@H](Cc1c[nH+]c[nH]1)C(=O)[O-]
4f09,Ki,200.0,nM,JAK,200.0,medium,4f09_ligand.mol2,0.0,Cc1nc2cnc3[nH]ccc3c2n1C1CC[NH2+]CC1
4e5w,Ki,22.0,nM,0NT,22.0,medium,4e5w_ligand.mol2,0.0,CC(C)[N@@H+]1CCC[C@H]1C(=O)N1CCC(n2cnc3cnc4[nH]ccc4c32)CC1
3rr4,Ki,28.05,uM,HRD,28050.0,low,3rr4_ligand.mol2,0.0,C/[NH+]=c1\[nH]c2cc3[nH]/c(=[NH+]\C)[nH]c(=O)c3cc2[nH]1
4de3,Ki,3.0,uM,DN8,3000.0,low,4de3_ligand.mol2,0.0,O=C(Nc1cccc(-c2nn[nH]n2)c1)c1cccc(Br)c1
4eky,Ki,303.0,uM,D1J,303000.0,low,4eky_ligand.mol2,0.0,CCCC#Cc1cn([C@@H]2O[C@H](CO)[C@@H](O)[C@H](O)[C@H]2O)c(=O)[nH]c1=O
4e6q,Ki,4.4,nM,0NV,4.4,high,4e6q_ligand.mol2,0.0,c1ccc(C[N@H+]2CC[C@H](n3cnc4cnc5[nH]ccc5c43)CC2)cc1
3syr,Ki,7.9,uM,GPK,7900.0,low,3syr_ligand.mol2,0.0,O=c1[nH]c(=O)n([C@@H]2O[C@H](CO)[C@@H](O)[C@H](O)[C@H]2O)cc1F
4de2,Ki,76.0,uM,DN3,76000.0,low,4de2_ligand.mol2,0.0,C[NH+](C)Cc1cccc(C(=O)Nc2cccc(-c3nn[nH]n3)c2)c1
4ddh,Kd,0.5,mM,MS0,500000.0,low,4ddh_ligand.mol2,0.0,COc1ccc2c(CC(=O)[O-])coc2c1
4j3l,Kd,16.0,nM,AJ5,16.0,medium,4j3l_ligand.mol2,0.0,COCCNC(=O)c1ccc(-c2ccc3c(C)cc(=O)[nH]c3c2)c(Cl)c1
4dli,Kd,2.4,uM,IRG,2400.0,low,,,
4bkt,Kd,240.0,uM,QD0,240000.0,low,4bkt_ligand.mol2,0.0,CNC(=O)[C@@H]1C[C@@H](O)CN1C(=O)Cc1cc(C)no1
4mme,Kd,318.0,nM,29Q,318.0,medium,4mme_ligand.mol2,0.0,O[C@]1(c2ccc(Cl)cc2)c2ccccc2-c2nccn21
4j21,Kd,39.0,nM,AJ6,39.0,medium,4j21_ligand.mol2,0.0,Cc1cc(=O)[nH]c2cc(-c3ccc(N)cc3Cl)ccc12
4ddk,Kd,5.1,mM,0HN,5100000.0,low,4ddk_ligand.mol2,0.0,O=C([O-])c1ccc2c(c1)OCO2
4ih7,Kd,5.8,uM,1ER,5800.0,low,4ih7_ligand.mol2,0.0,CC(C)(C)c1cccc(-c2ccc[nH]c2=O)c1
4kzq,Kd,788.0,nM,DFL,788.0,medium,4kzq_ligand.mol2,0.0,O=c1cc(-c2ccc(O)cc2)oc2ccccc12
4ih5,Kd,78.0,uM,12R,78000.0,low,4ih5_ligand.mol2,0.0,c1ccc(NNc2ncnc3n[nH]cc23)cc1
4gfm,Ki,0.06,uM,0X2,60.0,medium,4gfm_ligand.mol2,0.0,O=C(Nc1cc[nH]c(=O)c1)c1c(Cl)cccc1Cl
4ivc,Ki,0.1,nM,1J6,0.1,high,4ivc_ligand.mol2,0.0,C[C@@H](O)c1nc2cnc3[nH]ccc3c2n1[C@H]1CC[C@H](CC#N)CC1
4gr0,Ki,0.28,nM,R4B,0.28,high,4gr0_ligand.mol2,0.0,C[C@H](NC(=O)[C@H](C)NC(=O)[C@H](Cc1cc(-c2ccc(-c3cccc(Cl)c3)cc2)no1)C[P@@](=O)([O-])c1ccc(Br)cc1)C(N)=O
4ivd,Ki,0.3,nM,15T,0.3,high,4ivd_ligand.mol2,0.0,C[C@@H](O)c1nc2cnc3[nH]ccc3c2n1[C@H]1CC[C@H](CCC#N)CC1
4jia,Ki,0.6,nM,1K3,0.6,high,4jia_ligand.mol2,0.0,COc1ccc(-c2cccc3nc(Nc4ccc(N5CC[NH+](C)CC5)cc4)nn23)cc1
4k18,Ki,1.1,nM,1OB,1.1,high,4k18_ligand.mol2,0.0,N#Cc1ccc(Cc2cc(=O)n3ncc(C(=O)Nc4ccc(F)cc4)c3[nH]2)cc1
4f3c,Ki,1.5,pM,BIG,0.0015,high,4f3c_ligand.mol2,0.0,CCCCSC[C@H]1C[N@@H+](Cc2c[nH]c3c(N)ncnc23)C[C@@H]1O
4ivb,Ki,1.9,nM,1J5,1.9,high,4ivb_ligand.mol2,0.0,C[C@@H](O)c1nc2cnc3[nH]ccc3c2n1[C@H]1CC[C@H](C#N)CC1
4f9w,Ki,114.0,nM,LM4,114.0,medium,4f9w_ligand.mol2,0.0,CN(C)c1cc(-c2ccncc2)c(-c2ccc3ccccc3c2)nn1
4j28,Ki,2.0,uM,EAT,2000.0,low,4j28_ligand.mol2,0.0,C[C@@H]1[NH2+][C@@H](c2nc3ccccc3[nH]2)[C@H](O)[C@@H]1O
4k77,Ki,235.0,nM,1Q4,235.0,medium,4k77_ligand.mol2,0.0,O=c1[nH]ccc2c(NC3CCCCC3)ncnc12
4kzu,Ki,313.0,nM,A73,313.0,medium,4kzu_ligand.mol2,0.0,O=c1cc(-c2ccc(Br)cc2)oc2ccccc12
4f2w,Ki,5.0,pM,TDI,0.005,high,4f2w_ligand.mol2,0.0,CSC[C@H]1C[N@@H+](Cc2c[nH]c3c(N)ncnc23)C[C@@H]1O
4jfs,Ki,5.4,uM,16Z,5400.0,low,4jfs_ligand.mol2,0.0,COc1ccc([C@H]2[C@H](O)[C@H](O)[C@H](C)[N@H+]2C)cc1
4jsz,Ki,5000.0,uM,FB2,5000000.0,low,4jsz_ligand.mol2,0.0,NS(=O)(=O)c1ccccc1
4eor,Ki,500.0,nM,4SP,500.0,medium,4eor_ligand.mol2,0.0,NS(=O)(=O)c1ccc(Nc2nc(OCC3CCCCC3)c3nc[nH]c3n2)cc1
4gkm,Ki,6.8,uM,683,6800.0,low,4gkm_ligand.mol2,0.0,Cc1ccc(Nc2ccccc2C(=O)[O-])c(C(=O)[O-])c1
3zdg,Ki,79.0,nM,XRX,79.0,medium,3zdg_ligand.mol2,0.0,C[C@H](CCO[C]([O-])N(C)C)[NH+](C)C
4w9h,Kd,0.185,uM,3JF,185.0,medium,4w9h_ligand.mol2,0.0,CC(=O)N[C@H](C(=O)N1C[C@H](O)C[C@H]1C(=O)NCc1ccc(-c2scnc2C)cc1)C(C)(C)C
4m0y,Kd,0.35,uM,M0Y,350.0,medium,4m0y_ligand.mol2,0.0,NC(=O)Nc1cn(-c2cccc3ccccc23)nc1C(N)=O
4qac,Kd,0.4,nM,KK3,0.4,high,4qac_ligand.mol2,0.0,CC1CCN(c2cc(-c3ccc(C(F)(F)F)cc3)nc(N)n2)CC1
4w9i,Kd,1.1,uM,3JS,1100.0,low,4w9i_ligand.mol2,0.0,CC(=O)N1C[C@H](O)C[C@H]1C(=O)N1C[C@H](O)C[C@H]1C(=O)NCc1ccc(-c2scnc2C)cc1
4u4s,Kd,1200.0,uM,3C1,1200000.0,low,4u4s_ligand.mol2,0.0,CCN1CNS(=O)(=O)c2c[nH+]ccc21
4ogj,Kd,164.0,nM,2TA,164.0,medium,4ogj_ligand.mol2,0.0,Cc1cnc(Nc2ccc(OCC[NH+]3CCCC3)cc2)nc1Nc1cccc(S(=O)(=O)NC(C)(C)C)c1
4lzs,Kd,16.0,uM,L46,16000.0,low,4lzs_ligand.mol2,0.0,CCc1c(C(=O)NC)[nH]c(C)c1C(C)=O
4mgd,Kd,20.19,uM,27N,20190.0,low,4mgd_ligand.mol2,0.0,Oc1ccc(C(c2ccc(O)cc2)C(Cl)(Cl)Cl)cc1
4cig,Kd,214.0,uM,X0P,214000.0,low,4cig_ligand.mol2,0.0,COc1ccc(CNC(=O)c2cc3ccccc3cc2C[N@@H+](C)Cc2cccc(OC)c2C(=O)[O-])cc1
4w9c,Kd,22.2,uM,3JG,22200.0,low,4w9c_ligand.mol2,0.0,CC(C)(C)CC(=O)N1C[C@H](O)C[C@H]1C(=O)NCc1ccc(-c2cnco2)cc1
4wiv,Kd,550.0,nM,3P2,550.0,medium,4wiv_ligand.mol2,0.0,Cc1noc(C)c1-c1ccc(-c2nc3cnccn3c2NC(C)(C)C)cc1
4m0z,Kd,6.4,uM,M0Z,6400.0,low,4m0z_ligand.mol2,0.0,COc1ccc2cccc(-n3cc(NC(N)=O)c(C(N)=O)n3)c2c1
4w9l,Kd,9.52,uM,3JJ,9520.0,low,4w9l_ligand.mol2,0.0,CC(=O)N[C@H](C(=O)N[C@H](C(=O)N1C[C@H](O)C[C@H]1C(=O)NCc1ccc(-c2scnc2C)cc1)C(C)(C)C)C(C)(C)C
4ty7,Ki,0.3,nM,39F,0.3,high,4ty7_ligand.mol2,0.0,[NH2+]=c1[nH][nH]c2cc(-c3[nH]c([C@H](Cc4ccccc4)NC(=O)[C@H]4CC[C@H](C[NH3+])CC4)nc3Cl)ccc12
4kz6,Ki,0.8,mM,ZB6,800000.0,low,4kz6_ligand.mol2,0.0,C[C@@H]1CCC[C@H](C(=O)[O-])N1C(=O)CCS
4owm,Ki,1090.0,uM,3F0,1090000.0,low,4owm_ligand.mol2,0.0,Nc1c(F)cccc1C(=O)[O-]
4llx,Ki,1300.0,uM,5ZE,1300000.0,low,4llx_ligand.mol2,0.0,Cc1cc(C)nc(N)n1
4pcs,Ki,14.0,nM,2M7,14.0,medium,4pcs_ligand.mol2,0.0,C[C@@H]1[NH2+][C@@H](C#Cc2ccccc2)[C@H](O)[C@@H]1O
4ciw,Ki,15.0,uM,XH2,15000.0,low,4ciw_ligand.mol2,0.0,O=C([O-])[C@]1(O)C=C(CCO)[C@@H](O)[C@H](O)C1
4jxs,Ki,18.0,uM,18U,18000.0,low,4jxs_ligand.mol2,0.0,O=C([O-])c1ccc(CNS(=O)(=O)c2ccsc2C(=O)[O-])cc1
3wtj,Kd,0.297,uM,TH4,297.0,medium,3wtj_ligand.mol2,0.0,N#C/N=C1\SCCN1Cc1ccc(Cl)nc1
5aba,Kd,1040.0,uM,UL7,1040000.0,low,5aba_ligand.mol2,0.0,Oc1c(Br)cc(Cl)cc1C[N+]1CCC([N@H+]2CC[C@H](O)CC2)CC1
5a7b,Kd,271.0,uM,KMN,271000.0,low,5a7b_ligand.mol2,0.0,C#Cc1cc(C#CCOc2ccccc2)cc(C[N@H+]2CC[C@H]([NH+](CC)CC)CC2)c1O
4crc,Ki,0.0019,uM,OTM,1.9,high,4crc_ligand.mol2,0.0,O=C(/C=C/c1cc(Cl)ccc1-n1cnnn1)N[C@@H](Cc1ccccc1)C(=O)Nc1ccc(-c2nn[nH]n2)cc1
4cra,Ki,0.06,uM,XJ8,60.0,medium,4cra_ligand.mol2,0.0,Nc1ccc2c(CNC(=O)[C@H](Cc3ccccc3)NC(=O)c3ccc4[nH]c(=O)cc(O)c4c3)cccc2n1
3wz8,Ki,1.5,uM,IXV,1500.0,low,3wz8_ligand.mol2,0.0,O=C(CCNc1ccccc1)Nc1scc(-c2ccccc2)c1C(=O)NCc1ccccc1
4twp,Ki,100.0,pM,AXI,0.1,high,4twp_ligand.mol2,0.0,CNC(=O)c1ccccc1Sc1ccc2c(/C=C/c3ccccn3)n[nH]c2c1
5c28,Ki,2.2,uM,4XV,2200.0,low,5c28_ligand.mol2,0.0,Cc1c(N)nc(C2CC2)nc1Cl
4qd6,Ki,2.3,nM,30T,2.3,high,4qd6_ligand.mol2,0.0,O=S(=O)(c1ccccc1)c1cc(Nc2cc(-c3ccccc3)n[nH]2)nc(N[C@H]2CC[C@H](O)CC2)c1
4x6p,Ki,5.0,nM,3YU,5.0,high,4x6p_ligand.mol2,0.0,[NH2+]=c1[nH][nH]c2cc(-c3c[nH]c([C@H](Cc4ccccc4)NC(=O)/C=C/c4cc(Cl)ccc4-n4cnnn4)n3)ccc12
5dwr,Ki,6.0,pM,5H7,0.006,high,5dwr_ligand.mol2,0.0,C[C@@H]1C[C@H]([NH3+])C[C@H](c2ccncc2NC(=O)c2ccc(F)c(-c3c(F)cccc3F)n2)C1
5c2h,Ki,8.2,pM,4XU,0.0081999999999999,high,5c2h_ligand.mol2,0.0,Cc1nc(C)c(CNc2nc(OCCCc3ccc4ccccc4n3)nc(Cl)c2C)s1
4cr9,Ki,80.0,uM,OTW,80000.0,low,4cr9_ligand.mol2,0.0,Cc1cc(N)[nH+]c2ccc(N)cc12
4rfm,Ki,90.0,pM,3P6,0.09,high,4rfm_ligand.mol2,0.0,C[C@@]12Cc3n[nH]c(C(=O)Nc4cnn([C@H](c5ccccc5)[C@H]5CCCCS5(=O)=O)c4)c3C[C@@H]1C2(F)F
